Workbook

Sheet Sheet1
A1: Date: | B1: Watch Name: | C1: Price 1 | D1: Price 2 | E1: Price 3 | F1: Price 4 | G1: Price 5 | H1: Price 6 | I1: Price 7 | J1: Price 8 | K1: Price 9 | L1: Price 10 | M1: Median
A2: 28/11/2025 | B2: Rolex Submariner 126610LN Raw prices | C2: 9900 | D2: 9950 | E2: 10000 | F2: 10168 | G2: 10220 | H2: 10225 | I2: 10250 | J2: 10250 | K2: 10250 | L2: 10327 | M2: =MEDIAN(C2:L2) -> 10222.5
A3: =A2 -> 28/11/2025 | B3: Rolex Daytona Stainless Steel 116500LN | C3: 20250 | D3: 20752 | E3: 21286 | F3: 21500 | G3: 21500 | H3: 21524 | I3: 21646 | J3: 21646 | K3: 21676 | L3: 22014 | M3: =MEDIAN(C3:L3) -> 21512
A4: =A3 -> 28/11/2025 | B4: Rolex GMT-Master ii Pepsi 126710BLRO | C4: 14900 | D4: 14950 | E4: 15097 | F4: 15150 | G4: 15200 | H4: 15200 | I4: 15250 | J4: 15250 | K4: 15295 | L4: 15394 | M4: =MEDIAN(C4:L4) -> 15200
A5: =A4 -> 28/11/2025 | B5: Rolex Explorer i 124270 | C5: 5559 | D5: 5600 | E5: 5700 | F5: 5925 | G5: 5958 | H5: 6015 | I5: 6051 | J5: 6051 | K5: 6079 | L5: 6084 | M5: =MEDIAN(C5:L5) -> 5986.5
A6: =A5 -> 28/11/2025 | B6: AP Royal Oak 41mm 15500ST | C6: 28268 | D6: 28655 | E6: 28950 | F6: 29197 | G6: 29223 | H6: 29316 | I6: 29817 | J6: 29995 | K6: 30023 | L6: 30200 | M6: =MEDIAN(C6:L6) -> 29269.5
A7: =A6 -> 28/11/2025 | B7: Patek Nautilus 5711/1A | C7: 61934 | D7: 68453 | E7: 77000 | F7: 79858 | G7: 79950 | H7: 80912 | I7: 80912 | J7: 80912 | K7: 80912 | L7: 82092 | M7: =MEDIAN(C7:L7) -> 80431
A8: =A7 -> 28/11/2025 | B8: Patek Aquanaut 5167A | C8: 44136 | D8: 46467 | E8: 47500 | F8: 47560 | G8: 48000 | H8: 48016 | I8: 48016 | J8: 48388 | K8: 48404 | L8: 49450 | M8: =MEDIAN(C8:L8) -> 48008
A9: =A8 -> 28/11/2025 | B9: Omega Speedmaster Professional 310.42.50.01.002 | C9: 4360 | D9: 4360 | E9: 4360 | F9: 4360 | G9: 4390 | H9: 4459 | I9: 4508 | J9: 4647 | K9: 4707 | L9: 4756 | M9: =MEDIAN(C9:L9) -> 4424.5
A10: =A9 -> 28/11/2025 | B10: Cartier Santos Large WSSA0030 Steel | C10: 4260 | D10: 4779 | E10: 4810 | F10: 5153 | G10: 5400 | H10: 5400 | I10: 5421 | J10: 5525 | K10: 5630 | L10: 5731 | M10: =MEDIAN(C10:L10) -> 5400
A11: =A10 -> 28/11/2025 | B11: AP Royal Oak Chronograph 26331ST | C11: 29500 | D11: 30000 | E11: 30786 | F11: 30950 | G11: 31237 | H11: 31512 | I11: 31675 | J11: 31688 | K11: 31997 | L11: 32139 | M11: =MEDIAN(C11:L11) -> 31374.5
A13: 04/12/2025 | B13: Rolex Submariner 126610LN Raw prices | C13: 9900 | D13: 10000 | E13: 10105 | F13: 10210 | G13: 10250 | H13: 10250 | I13: 10250 | J13: 10295 | K13: 10316 | L13: 10324 | M13: =MEDIAN(C13:L13) -> 10250
A14: 04/12/2025 | B14: Rolex Daytona Stainless Steel 116500LN | C14: 18495 | D14: 18750 | E14: 18850 | F14: 18995 | G14: 19450 | H14: 19566 | I14: 19592 | J14: 19610 | K14: 19650 | L14: 19660 | M14: =MEDIAN(C14:L14) -> 19508
A15: 04/12/2025 | B15: Rolex GMT-Master ii Pepsi 126710BLRO | C15: 14950 | D15: 14995 | E15: 14995 | F15: 15128 | G15: 15200 | H15: 15295 | I15: 15447 | J15: 15449 | K15: 15450 | L15: 15490 | M15: =MEDIAN(C15:L15) -> 15247.5
A16: 04/12/2025 | B16: Rolex Explorer i 124270 | C16: 5875 | D16: 5963 | E16: 5970 | F16: 6158 | G16: 6158 | H16: 6250 | I16: 6250 | J16: 6255 | K16: 6295 | L16: 6300 | M16: =MEDIAN(C16:L16) -> 6204
A17: 04/12/2025 | B17: AP Royal Oak 41mm 15500ST | C17: 28429 | D17: 28450 | E17: 28967 | F17: 29284 | G17: 29356 | H17: 29582 | I17: 29833 | J17: 29962 | K17: 29962 | L17: 29965 | M17: =MEDIAN(C17:L17) -> 29469
A18: 04/12/2025 | B18: Patek Nautilus 5711/1A | C18: 61446 | D18: 68296 | E18: 77000 | F18: 70776 | G18: 79950 | H18: 80275 | I18: 80275 | J18: 80275 | K18: 80673 | L18: 81445 | M18: =MEDIAN(C18:L18) -> 80112.5
A19: 04/12/2025 | B19: Patek Aquanaut 5167A | C19: 44136 | D19: 46101 | E19: 47496 | F19: 47638 | G19: 48000 | H19: 48007 | I19: 48022 | J19: 49098 | K19: 49444 | L19: 49786 | M19: =MEDIAN(C19:L19) -> 48003.5
A20: 04/12/2025 | B20: Omega Speedmaster Professional 310.42.50.01.002 | C20: 3984 | D20: 4047 | E20: 4108 | F20: 4369 | G20: 4369 | H20: 4369 | I20: 4369 | J20: 4399 | K20: 4468 | L20: 4518 | M20: =MEDIAN(C20:L20) -> 4369
A21: 04/12/2025 | B21: Cartier Santos Large WSSA0030 Steel | C21: 4226 | D21: 5163 | E21: 5365 | F21: 5365 | G21: 5378 | H21: 5525 | I21: 5586 | J21: 5686 | K21: 5695 | L21: 5763 | M21: =MEDIAN(C21:L21) -> 5451.5
A22: 04/12/2025 | B22: AP Royal Oak Chronograph 26331ST | C22: 29500 | D22: 30000 | E22: 30850 | F22: 30950 | G22: 31242 | H22: 31302 | I22: 31391 | J22: 31426 | K22: 31691 | L22: 31754 | M22: =MEDIAN(C22:L22) -> 31272
A24: 13/12/2025 | B24: Rolex Submariner 126610LN Raw prices | C24: 9650 | D24: 10000 | E24: 10350 | F24: 10543 | G24: 10550 | H24: 10750 | I24: 10781 | J24: 10798 | K24: 10800 | L24: 10839 | M24: =MEDIAN(C24:L24) -> 10650
A25: 13/12/2025 | B25: Rolex Daytona Stainless Steel 116500LN | C25: 19545 | D25: 19950 | E25: 20000 | F25: 20450 | G25: 20497 | H25: 20584 | I25: 20605 | J25: 20675 | K25: 20679 | L25: 20700 | M25: =MEDIAN(C25:L25) -> 20540.5
... A110: 12/04/2026 | B110: AP Royal Oak Chronograph 26331ST | C110: 31297 | D110: 33299 | E110: 33615 | F110: 33616 | G110: 34000 | H110: 34775 | I110: 35407 | J110: 35859 | K110: 35882 | L110: 36260 | M110: =MEDIAN(C110:L110) -> 34387.5

Sheet Sheet2
A1: Date: | B1: Watch Name | C1: Median Today | D1: Base Price | E1: Normalised | F1: Index Value
A2: 13/12/2025 | B2: Rolex Submariner 126610LN Raw prices | C2: =MEDIAN(Sheet1!C101:'Sheet1'!L101) -> 10817.5 | D2: =Sheet1!M2 -> 10222.5 | E2: =C2/D2 -> 1.0582049 | F2: =AVERAGE(E2:E11) -> 1.122566
A3: 13/12/2025 | B3: Rolex Daytona Stainless Steel 116500LN | C3: =MEDIAN(Sheet1!C102:'Sheet1'!L102) -> 20997.5 | D3: =Sheet1!M3 -> 21512 | E3: =C3/D3 -> 0.97608312
A4: 13/12/2025 | B4: Rolex GMT-Master ii Pepsi 126710BLRO | C4: =MEDIAN(Sheet1!C103:'Sheet1'!L103) -> 19395.5 | D4: =Sheet1!M4 -> 15200 | E4: =C4/D4 -> 1.2760197
A5: 13/12/2025 | B5: Rolex Explorer i 124270 | C5: =MEDIAN(Sheet1!C104:'Sheet1'!L104) -> 6984 | D5: =Sheet1!M5 -> 5986.5 | E5: =C5/D5 -> 1.1666249
A6: 13/12/2025 | B6: AP Royal Oak 41mm 15500ST | C6: =MEDIAN(Sheet1!C105:'Sheet1'!L105) -> 31741 | D6: =Sheet1!M6 -> 29269.5 | E6: =C6/D6 -> 1.0844394
A7: 13/12/2025 | B7: Patek Nautilus 5711/1A | C7: =MEDIAN(Sheet1!C106:'Sheet1'!L106) -> 91726 | D7: =Sheet1!M7 -> 80431 | E7: =C7/D7 -> 1.1404309
A8: 13/12/2025 | B8: Patek Aquanaut 5167A | C8: =MEDIAN(Sheet1!C107:'Sheet1'!L107) -> 55575.5 | D8: =Sheet1!M8 -> 48008 | E8: =C8/D8 -> 1.15763
A9: 13/12/2025 | B9: Omega Speedmaster Professional 310.42.50.01.002 | C9: =MEDIAN(Sheet1!C108:'Sheet1'!L108) -> 5130 | D9: =Sheet1!M9 -> 4424.5 | E9: =C9/D9 -> 1.159453
A10: 13/12/2025 | B10: Cartier Santos Large WSSA0030 Steel | C10: =MEDIAN(Sheet1!C109:'Sheet1'!L109) -> 5998 | D10: =Sheet1!M10 -> 5400 | E10: =C10/D10 -> 1.1107407
A11: 13/12/2025 | B11: AP Royal Oak Chronograph 26331ST | C11: =MEDIAN(Sheet1!C110:'Sheet1'!L110) -> 34387.5 | D11: =Sheet1!M11 -> 31374.5 | E11: =C11/D11 -> 1.0960334

Sheet Sheet3
A1: Date | B1: Index Value | C1: % Change from previous week | D1: % Change From Original (YTD)
A2: 26/11/2025 | B2: 1 | C2: 0 | D2: 0
A3: 04/12/2025 | B3: 0.9945 | C3: =(B3-B2)/B2 -> -0.0055 | D3: =(B3-$B$2)/$B$2 -> -0.0055
A4: 13/12/2025 | B4: 1.0686 | C4: 0.0741 | D4: 0.0686
A5: 19/12/2025 | B5: 1.0815 | C5: 0.0129 | D5: 0.0815
A6: 08/012026 | B6: 1.0825 | C6: 0.001 | D6: 0.0825
A7: 15/03/2026 | B7: 1.1213 | C7: =B7-B6 -> 0.0388 | D7: 0.1213
A8: 22/03/2026 | B8: 1.1197 | C8: =B8-B7 -> -0.0016 | D8: 0.1197
A9: 29/03/2026 | B9: 1.1234 | C9: =B9-B8 -> 0.0037 | D9: 0.1234
A10: 05/04/2026 | B10: 1.1278 | C10: =B10-B9 -> 0.0044 | D10: 0.1278
A11: 12/04/2026 | B11: 1.1226 | C11: =B11-B10 -> -0.0052 | D11: 0.1226

Sheet sp500_weekly
A1: Column1 | B1: Column2 | C1: Column3 | D1: Column4 | E1: Column5 | F1: Column6
A2: Price | B2: Close | C2: High | D2: Low | E2: Open | F2: Volume
A3: Ticker | B3: ^GSPC | C3: ^GSPC | D3: ^GSPC | E3: ^GSPC | F3: ^GSPC
A4: Date
A5: 2025-11-24 | B5: 6849.08984375 | C5: 6850.85986328125 | D5: 6819.75 | E5: 6822.52001953125 | F5: 2558540000
A6: 2025-12-01 | B6: 6870.39990234375 | C6: 6895.77978515625 | D6: 6799.93994140625 | E6: 6812.2998046875 | F6: 23685440000
A7: 2025-12-08 | B7: 6827.41015625 | C7: 6903.4599609375 | D7: 6801.7900390625 | E7: 6875.2001953125 | F7: 24722970000
A8: 2025-12-15 | B8: 6834.5 | C8: 6861.58984375 | D8: 6720.43017578125 | E8: 6860.18994140625 | F8: 28736560000
A9: 2025-12-22 | B9: 6929.93994140625 | C9: 6945.77001953125 | D9: 6855.740234375 | E9: 6865.2099609375 | F9: 12670410000
A10: 2025-12-29 | B10: 6858.47021484375 | C10: 6920.2099609375 | D10: 6824.31005859375 | E10: 6903.60009765625 | F10: 14297630000
A11: 2026-01-05 | B11: 6966.27978515625 | C11: 6978.35986328125 | D11: 6891.56005859375 | E11: 6892.18994140625 | F11: 26993190000
A12: 2026-01-12 | B12: 6940.009765625 | C12: 6986.330078125 | D12: 6885.740234375 | E12: 6944.1201171875 | F12: 26112200000
A13: 2026-01-19 | B13: 6915.60986328125 | C13: 6934.75 | D13: 6789.0498046875 | E13: 6865.240234375 | F13: 21784530000
A14: 2026-01-26 | B14: 6939.02978515625 | C14: 7002.27978515625 | D14: 6870.7998046875 | E14: 6923.22998046875 | F14: 29382560000
A15: 2026-02-02 | B15: 6932.2998046875 | C15: 6993.080078125 | D15: 6780.1298828125 | E15: 6916.64013671875 | F15: 33538260000
A16: 2026-02-09 | B16: 6836.169921875 | C16: 6993.47998046875 | D16: 6794.5498046875 | E16: 6917.259765625 | F16: 30258780000
... A21: 2026-03-16 | B21: 6606.490234375 | C21: 6754.2998046875 | D21: 6557.81982421875 | E21: 6674.3701171875 | F21: 18760118000

Sheet Sheet4
